name,equipment,primary_muscle,secondary_muscle,source,sourceType
21s Bicep Curl,Barbell,Biceps,None,None,None
Ab Scissors,None,Abdominals,None,https://pump-app.s3.eu-west-2.amazonaws.com/exercise-assets/28931101-Scissors-(advanced)-(female)_small.jpg,image
Ab Wheel,Other,Abdominals,None,https://pump-app.s3.eu-west-2.amazonaws.com/exercise-assets/08571201-Wheel-Rollout_Waist.mp4,video
Aerobics,None,Cardio,None,None,None
Air Bike,Machine,Cardio,None,https://pump-app.s3.eu-west-2.amazonaws.com/exercise-assets/38931101-Assault-Bike-Run_Cardio_small.jpg,image
Arnold Press (Dumbbell),Dumbbell,Shoulders,None,https://pump-app.s3.eu-west-2.amazonaws.com/exercise-assets/02871201-Dumbbell-Arnold-Press-II_Shoulders.mp4,video
Around The World,Dumbbell,Chest,"Upper Back, Shoulders",https://pump-app.s3.eu-west-2.amazonaws.com/exercise-assets/02881201-Dumbbell-Around-Pullover_Chest.mp4,video
Assisted Pistol Squats,None,Quadriceps,"Hamstrings, Glutes",https://pump-app.s3.eu-west-2.amazonaws.com/exercise-assets/17621101-Single-Leg-Squat-with-Support-(pistol)_Thighs_small.jpg,image
Back Extension (Hyperextension),Machine,Lower Back,None,https://pump-app.s3.eu-west-2.amazonaws.com/exercise-assets/18601201-Hyperextension-(VERSION-2)_Hips.mp4,video
Back Extension (Machine),Machine,Lower Back,None,https://pump-app.s3.eu-west-2.amazonaws.com/exercise-assets/05731201-Lever-Back-Extension_Waist.mp4,video
Back Extension (Weighted Hyperextension),Machine,Lower Back,None,https://pump-app.s3.eu-west-2.amazonaws.com/exercise-assets/12341101-Plate-Hyperextension_Hips_small.jpg,image
Ball Slams,Other,Full Body,None,https://pump-app.s3.eu-west-2.amazonaws.com/exercise-assets/13541101-Medicine-Ball-Overhead-Slam_Back_small.jpg,image
Band Pullaparts,Resistance Band,Shoulders,None,https://pump-app.s3.eu-west-2.amazonaws.com/exercise-assets/15031101-Band-Pull-Apart_Shoulders_small.jpg,image
Battle Ropes,Machine,Cardio,None,https://pump-app.s3.eu-west-2.amazonaws.com/exercise-assets/01281201-Battling-Ropes.mp4,video
Behind the Back Bicep Wrist Curl (Barbell),Barbell,Forearms,None,https://pump-app.s3.eu-west-2.amazonaws.com/exercise-assets/01041101-Barbell-Standing-Back-Wrist-Curl_Forearms_small.jpg,image
Bench Dip,Other,Triceps,None,https://pump-app.s3.eu-west-2.amazonaws.com/exercise-assets/13991201-Bench-dip-on-floor_Upper-Arms.mp4,video
Bench Press (Barbell),Barbell,Chest,"Triceps, Shoulders",https://pump-app.s3.eu-west-2.amazonaws.com/exercise-assets/00251201-Barbell-Bench-Press_Chest.mp4,video
Bench Press (Cable),Machine,Chest,"Triceps, Shoulders",https://pump-app.s3.eu-west-2.amazonaws.com/exercise-assets/01511201-Cable-Bench-Press_Chest.mp4,video
Bench Press (Dumbbell),Dumbbell,Chest,"Triceps, Shoulders",https://pump-app.s3.eu-west-2.amazonaws.com/exercise-assets/02891201-Dumbbell-Bench-Press_Chest.mp4,video
Bench Press (Smith Machine),Machine,Chest,"Triceps, Shoulders",https://pump-app.s3.eu-west-2.amazonaws.com/exercise-assets/07481201-Smith-Bench-Press_Chest.mp4,video
Bench Press - Close Grip (Barbell),Barbell,Triceps,None,https://pump-app.s3.eu-west-2.amazonaws.com/exercise-assets/00301201-Barbell-Close-Grip-Bench-Press_Upper-Arms.mp4,video
Bench Press - Wide Grip (Barbell),Barbell,Chest,"Triceps, Shoulders",https://pump-app.s3.eu-west-2.amazonaws.com/exercise-assets/01221201-Barbell-Wide-Bench-Press_Chest.mp4,video
Bent Over Row (Band),Resistance Band,Upper Back,None,https://pump-app.s3.eu-west-2.amazonaws.com/exercise-assets/08921101-Band-bent_Back-over-row_Back_small.jpg,image
Bent Over Row (Barbell),Barbell,Upper Back,None,https://pump-app.s3.eu-west-2.amazonaws.com/exercise-assets/00271201-Barbell-Bent-Over-Row_Back.mp4,video
Bent Over Row (Dumbbell),Dumbbell,Upper Back,None,https://pump-app.s3.eu-west-2.amazonaws.com/exercise-assets/02931201-Dumbbell-Bent-Over-Row_Back.mp4,video
Bicep Curl (Barbell),Barbell,Biceps,None,https://pump-app.s3.eu-west-2.amazonaws.com/exercise-assets/00311201-Barbell-Curl_Upper-Arms.mp4,video
Bicep Curl (Cable),Machine,Biceps,None,https://pump-app.s3.eu-west-2.amazonaws.com/exercise-assets/01561201-Cable-Curl_Upper-Arms.mp4,video
Bicep Curl (Dumbbell),Dumbbell,Biceps,None,https://pump-app.s3.eu-west-2.amazonaws.com/exercise-assets/02941201-Dumbbell-Biceps-Curl_Upper-Arms.mp4,video
Bicep Curl (Machine),Machine,Biceps,None,https://pump-app.s3.eu-west-2.amazonaws.com/exercise-assets/10321101-Lever-Alternate-Biceps-Curl_Upper-Arms_small.jpg,image
Bicep Curl (Suspension),Suspension,Biceps,None,https://pump-app.s3.eu-west-2.amazonaws.com/exercise-assets/10701101-Suspender-Arm-Curl_Upper-Arms_small.jpg,image
Bicycle Crunch,None,Abdominals,None,https://pump-app.s3.eu-west-2.amazonaws.com/exercise-assets/00031201-air-bike-m_waist.mp4,video
Bicycle Crunch Raised Legs,None,Abdominals,None,https://pump-app.s3.eu-west-2.amazonaws.com/exercise-assets/01471201-Bycicle-Twisting-Crunch_Waist.mp4,video
Bird Dog,None,Glutes,None,https://pump-app.s3.eu-west-2.amazonaws.com/exercise-assets/12411101-Bird-Dog-male_Back_small.jpg,image
Box Jump,Other,Quadriceps,"Hamstrings, Glutes, Calves",https://pump-app.s3.eu-west-2.amazonaws.com/exercise-assets/05091101-Jump-Box_Plyometrics_small.jpg,image
Box Squat (Barbell),Barbell,Quadriceps,"Hamstrings, Glutes",https://pump-app.s3.eu-west-2.amazonaws.com/exercise-assets/00261101-Barbell-Bench-Squat_Hips_small.jpg,image
Boxing,None,Cardio,None,https://pump-app.s3.eu-west-2.amazonaws.com/exercise-assets/22731101-Boxing-Right-Cross_small.jpg,image
Bulgarian Split Squat,Dumbbell,Quadriceps,"Glutes, Hamstrings",https://pump-app.s3.eu-west-2.amazonaws.com/exercise-assets/22901101-Dumbbell-Bulgarian-Split-Squat-(female)_Thighs_small.jpg,image
Burpee,None,Full Body,None,https://pump-app.s3.eu-west-2.amazonaws.com/exercise-assets/11601201-Burpee_Cardio.mp4,video
Burpee Over the Bar,None,Full Body,None,None,None
Butterfly (Pec Deck),Machine,Chest,None,https://pump-app.s3.eu-west-2.amazonaws.com/exercise-assets/10301201-Lever-Pec-Deck-Fly_Chest.mp4,video
Cable Core Palloff Press,Machine,Abdominals,None,https://pump-app.s3.eu-west-2.amazonaws.com/exercise-assets/12021201-Cable-horizontal-Pallof-Press_waist.mp4,video
Cable Crunch,Machine,Abdominals,None,https://pump-app.s3.eu-west-2.amazonaws.com/exercise-assets/01751201-Cable-Kneeling-Crunch_Waist.mp4,video
Cable Fly Crossovers,Machine,Chest,None,https://pump-app.s3.eu-west-2.amazonaws.com/exercise-assets/12691201-Cable-Standing-Up-Straight-Crossovers_Chest.mp4,video
Cable Pull Through,Machine,Glutes,None,https://pump-app.s3.eu-west-2.amazonaws.com/exercise-assets/12061201-Cable-pull-through_hips.mp4,video
Cable Twist (Down to up),Machine,Abdominals,None,https://pump-app.s3.eu-west-2.amazonaws.com/exercise-assets/12071201-Cable-twist-(down-up)_waist.mp4,video
Cable Twist (Up to down),Machine,Abdominals,None,https://pump-app.s3.eu-west-2.amazonaws.com/exercise-assets/08621201-Cable-twist-(up-down)_Waist.mp4,video
Calf Extension (Machine),Machine,Calves,None,https://pump-app.s3.eu-west-2.amazonaws.com/exercise-assets/23151201-Lever-Rotary-Calf_Calves.mp4,video
Calf Press (Machine),Machine,Calves,None,https://pump-app.s3.eu-west-2.amazonaws.com/exercise-assets/07381201-Sled-45-Calf-Press_Calves.mp4,video
Chest Dip,Machine,Chest,Triceps,https://pump-app.s3.eu-west-2.amazonaws.com/exercise-assets/02511201-Chest-Dip_Chest.mp4,video
Chest Dip (Assisted),Machine,Chest,None,https://pump-app.s3.eu-west-2.amazonaws.com/exercise-assets/00091201-Assisted-Chest-Dip-(kneeling)_Chest.mp4,video
Chest Dip (Weighted),Machine,Chest,Triceps,None,None
Chest Fly (Band),Resistance Band,Chest,None,https://pump-app.s3.eu-west-2.amazonaws.com/exercise-assets/09131101-Band-middle-fly_Chest_small.jpg,image
Chest Fly (Dumbbell),Dumbbell,Chest,None,https://pump-app.s3.eu-west-2.amazonaws.com/exercise-assets/03081201-Dumbbell-Fly_Chest.mp4,video
Chest Fly (Machine),Machine,Chest,None,https://pump-app.s3.eu-west-2.amazonaws.com/exercise-assets/05961201-Lever-Seated-Fly_Chest.mp4,video
Chest Fly (Suspension),Suspension,Chest,None,https://pump-app.s3.eu-west-2.amazonaws.com/exercise-assets/10741101-Suspender-Fly_Chest_small.jpg,image
Chest Press (Band),Resistance Band,Chest,None,https://pump-app.s3.eu-west-2.amazonaws.com/exercise-assets/09201101-Band-standing-chest-press_Chest_small.jpg,image
Chest Press (Machine),Machine,Chest,None,https://pump-app.s3.eu-west-2.amazonaws.com/exercise-assets/05771201-Lever-Chest-Press_Chest.mp4,video
Chest Supported Incline Row (Dumbbell),Dumbbell,Upper Back,None,https://pump-app.s3.eu-west-2.amazonaws.com/exercise-assets/03271201-Dumbbell-Incline-Row_Back.mp4,video
Chest Supported Reverse Fly (Dumbbell),Dumbbell,Upper Back,Shoulders,https://pump-app.s3.eu-west-2.amazonaws.com/exercise-assets/03831201-Dumbbell-Reverse-Fly_Shoulders.mp4,video
Chest Supported Y Raise (Dumbbell),Dumbbell,Shoulders,None,https://pump-app.s3.eu-west-2.amazonaws.com/exercise-assets/35411201-Dumbbell-Incline-Y-Raise_Shoulders_.mp4,video
Chin Up,Machine,Lats,"Upper Back, Biceps",https://pump-app.s3.eu-west-2.amazonaws.com/exercise-assets/13261201-Chin-Up_Back.mp4,video
Chin Up (Assisted),Machine,Lats,"Upper Back, Biceps",https://pump-app.s3.eu-west-2.amazonaws.com/exercise-assets/05721301-assisted-chin-up_small.jpg,image
Chin Up (Weighted),Machine,Lats,"Upper Back, Biceps",https://pump-app.s3.eu-west-2.amazonaws.com/exercise-assets/29871101-Weighted-Close-Grip-Chin-up-on-Dip-Cage_Back_small.jpg,image
Clamshell,Resistance Band,Glutes,None,https://pump-app.s3.eu-west-2.amazonaws.com/exercise-assets/21501101-Resistance-Band-Clam_Hips_small.jpg,image
Clap Push Ups,None,Chest,"Triceps, Shoulders",https://pump-app.s3.eu-west-2.amazonaws.com/exercise-assets/12731101-Clap-Push-Up_Plyometrics_Chest_small.jpg,image
Clean,Barbell,Full Body,None,https://pump-app.s3.eu-west-2.amazonaws.com/exercise-assets/15211101-Barbell-Hang-Clean-Below-the-Knees_Weightlifts_small.jpg,image
Clean and Jerk,Barbell,Full Body,None,https://pump-app.s3.eu-west-2.amazonaws.com/exercise-assets/00281201-Barbell-Clean-and-Press_Shoulders.mp4,video
Clean and Press,Barbell,Full Body,None,https://pump-app.s3.eu-west-2.amazonaws.com/exercise-assets/00281201-Barbell-Clean-and-Press_Shoulders.mp4,video
Clean Pull,Barbell,Full Body,None,https://pump-app.s3.eu-west-2.amazonaws.com/exercise-assets/15171101-Barbell-Clean-Pull_Weightlifts_small.jpg,image
Climbing,None,Cardio,None,None,None
Concentration Curl,Dumbbell,Biceps,None,https://pump-app.s3.eu-west-2.amazonaws.com/exercise-assets/02971201-Dumbbell-Concentration-Curl_Upper-Arms.mp4,video
Cross Body Hammer Curl,Dumbbell,Biceps,None,https://pump-app.s3.eu-west-2.amazonaws.com/exercise-assets/02981101-Dumbbell-Cross-Body-Hammer-Curl_Forearms_small.jpg,image
Crunch,None,Abdominals,None,https://pump-app.s3.eu-west-2.amazonaws.com/exercise-assets/02741201-Crunch-Floor-m_waist.mp4,video
Crunch (Machine),Machine,Abdominals,None,https://pump-app.s3.eu-west-2.amazonaws.com/exercise-assets/05951201-Lever-Seated-Crunch-(chest-pad).mp4,video
Crunch (Weighted),None,Abdominals,None,https://pump-app.s3.eu-west-2.amazonaws.com/exercise-assets/08321101-Weighted-Crunch_waist_small.jpg,image
Curtsy Lunge (Dumbbell),Dumbbell,Quadriceps,Glutes,https://pump-app.s3.eu-west-2.amazonaws.com/exercise-assets/08811101-Dumbbell-Curtsey-lunge_Thighs_small.jpg,image
Cycling,Machine,Cardio,None,None,None
Dead Bug,None,Abdominals,None,https://pump-app.s3.eu-west-2.amazonaws.com/exercise-assets/02761101-Dead-Bug_waist_small.jpg,image
Dead Hang,None,Upper Back,None,https://pump-app.s3.eu-west-2.amazonaws.com/exercise-assets/50551101-Dead-Hang-Stretch_Stretching_small.jpg,image
Deadlift (Band),Resistance Band,Hamstrings,"Quadriceps, Lower Back, Glutes",https://pump-app.s3.eu-west-2.amazonaws.com/exercise-assets/08951101-Band-deadlift_Hips_small.jpg,image
Deadlift (Barbell),Barbell,Hamstrings,"Quadriceps, Lower Back, Glutes",https://pump-app.s3.eu-west-2.amazonaws.com/exercise-assets/00321201-Barbell-Deadlift_Hips-FIX.mp4,video
Deadlift (Dumbbell),Dumbbell,Hamstrings,"Quadriceps, Lower Back, Glutes",https://pump-app.s3.eu-west-2.amazonaws.com/exercise-assets/04321201-Dumbbell-Stiff-Leg-Deadlift_Waist.mp4,video
Deadlift (Smith Machine),Machine,Hamstrings,"Quadriceps, Lower Back, Glutes",https://pump-app.s3.eu-west-2.amazonaws.com/exercise-assets/07521201-Smith-Deadlift_Hips.mp4,video
Deadlift (Trap bar),Barbell,Hamstrings,"Quadriceps, Lower Back, Glutes",https://pump-app.s3.eu-west-2.amazonaws.com/exercise-assets/08111201-Trap-Bar-Deadlift_Thighs.mp4,video
Deadlift High Pull,Barbell,Full Body,None,https://pump-app.s3.eu-west-2.amazonaws.com/exercise-assets/11991201-Sumo-Deadlift-High-Pull_Thighs_Shoulders.mp4,video
Decline Bench Press (Barbell),Barbell,Chest,Triceps,https://pump-app.s3.eu-west-2.amazonaws.com/exercise-assets/00331201-Barbell-Decline-Bench-Press_Chest.mp4,video
Decline Bench Press (Dumbbell),Dumbbell,Chest,Triceps,https://pump-app.s3.eu-west-2.amazonaws.com/exercise-assets/03011201-Dumbbell-Decline-Bench-Press_Chest.mp4,video
Decline Bench Press (Machine),Machine,Chest,Triceps,https://pump-app.s3.eu-west-2.amazonaws.com/exercise-assets/13001201-Lever-Decline-Chest-Press_Chest-FIX_.mp4,image
Decline Bench Press (Smith Machine),Machine,Chest,Triceps,https://pump-app.s3.eu-west-2.amazonaws.com/exercise-assets/07531201-Smith-Decline-Bench-Press_Chest.mp4,video
Decline Chest Fly (Dumbbell),Dumbbell,Chest,None,https://pump-app.s3.eu-west-2.amazonaws.com/exercise-assets/03021201-Dumbbell-Decline-Fly_Chest.mp4,video
Decline Crunch,None,Abdominals,None,https://pump-app.s3.eu-west-2.amazonaws.com/exercise-assets/02771201-Decline-Crunch_Waist.mp4,video
Decline Crunch (Weighted),None,Abdominals,None,https://pump-app.s3.eu-west-2.amazonaws.com/exercise-assets/21301201-Weighted-decline-crunch_Waist.mp4,video
Decline Push Up,Other,Chest,"Shoulders, Triceps",https://pump-app.s3.eu-west-2.amazonaws.com/exercise-assets/02791201-Decline-Push-Up_Chest.mp4,video
Diamond Push Up,None,Triceps,Chest,https://pump-app.s3.eu-west-2.amazonaws.com/exercise-assets/02831101-Diamond-Push-up_Upper-Arms_small.jpg,image
Downward Dog,None,Full Body,None,https://pump-app.s3.eu-west-2.amazonaws.com/exercise-assets/09491101-Downward-Facing-Dog-Adho-Mukha-Svanasana_small.jpg,image
Drag Curl,Barbell,Biceps,None,https://pump-app.s3.eu-west-2.amazonaws.com/exercise-assets/00381201-Barbell-Drag-Curl_Upper-Arms.mp4,video
Dragon Flag,None,Abdominals,None,None,None
Dragonfly,None,Abdominals,None,None,None
Dumbbell Row,Dumbbell,Upper Back,None,https://pump-app.s3.eu-west-2.amazonaws.com/exercise-assets/02921201-Dumbbell-Bent-over-Row_Back.mp4,video
Dumbbell Snatch,Dumbbell,Full Body,None,https://pump-app.s3.eu-west-2.amazonaws.com/exercise-assets/38881101-Dumbbell-One-Arm-Snatch_small.jpg,image
Dumbbell Squeeze Press,Dumbbell,Chest,None,None,None
Dumbbell Step Up,Dumbbell,Quadriceps,None,https://pump-app.s3.eu-west-2.amazonaws.com/exercise-assets/04311101-Dumbbell-Step-up_Hips_small.jpg,image
Elbow to Knee,None,Abdominals,None,https://pump-app.s3.eu-west-2.amazonaws.com/exercise-assets/23121201-Lying-Elbow-to-Knee_Waist.mp4,video
Elliptical Trainer,Machine,Cardio,None,https://pump-app.s3.eu-west-2.amazonaws.com/exercise-assets/21921201-Elliptical-Machine-Walk_Cardio.mp4,video
EZ Bar Biceps Curl,Barbell,Biceps,None,https://pump-app.s3.eu-west-2.amazonaws.com/exercise-assets/04471201-EZ-Barbell-Curl_Upper-Arms.mp4,video
Face Pull,Machine,Shoulders,None,https://pump-app.s3.eu-west-2.amazonaws.com/exercise-assets/08961101-Band-face-pull_Shoulders_small.jpg,image
Farmers Walk,Other,Full Body,None,https://pump-app.s3.eu-west-2.amazonaws.com/exercise-assets/21331201-Farmers-walk_Cardio.mp4,video
Fire Hydrants,None,Glutes,None,None,None
Floor Press (Barbell),Barbell,Chest,None,None,None
Floor Press (Dumbbell),Dumbbell,Chest,None,https://pump-app.s3.eu-west-2.amazonaws.com/exercise-assets/36681101-Dumbbell-Lying-on-Floor-Chest-Press_Chest_small.jpg,image
Floor Triceps Dip,None,Triceps,None,https://pump-app.s3.eu-west-2.amazonaws.com/exercise-assets/08151201-Triceps-Dips-Floor_Upper-Arms.mp4,video
Flutter Kicks,None,Abdominals,None,https://pump-app.s3.eu-west-2.amazonaws.com/exercise-assets/12441201-Flutter-Kicks-(version-3)_Hips.mp4,video
Frog Jumps,None,Full Body,None,https://pump-app.s3.eu-west-2.amazonaws.com/exercise-assets/30881101-Frog-Hops-(male)_Plyometrics_small.jpg,image
Frog Pumps (Dumbbell),Dumbbell,Glutes,None,https://pump-app.s3.eu-west-2.amazonaws.com/exercise-assets/31821101-Weighted-Frog-Pump_Hips_small.jpg,image
Front Lever Hold,None,Abdominals,None,https://pump-app.s3.eu-west-2.amazonaws.com/exercise-assets/32961101-Front-Lever_Waist_small.jpg,image
Front Lever Raise,None,Abdominals,None,https://pump-app.s3.eu-west-2.amazonaws.com/exercise-assets/32961101-Front-Lever_Waist_small.jpg,image
Front Raise (Band),Resistance Band,Shoulders,None,https://pump-app.s3.eu-west-2.amazonaws.com/exercise-assets/09781101-Band-front-raise_Shoulders_small.jpg,image
Front Raise (Barbell),Barbell,Shoulders,None,https://pump-app.s3.eu-west-2.amazonaws.com/exercise-assets/00411101-Barbell-Front-Raise_Shoulders.mp4,video
Front Raise (Cable),Machine,Shoulders,None,https://pump-app.s3.eu-west-2.amazonaws.com/exercise-assets/01621201-Cable-Front-Raise_Shoulders.mp4,video
Front Raise (Dumbbell),Dumbbell,Shoulders,None,https://pump-app.s3.eu-west-2.amazonaws.com/exercise-assets/03101201-Dumbbell-Front-Raise_Shoulders.mp4,video
Front Raise (Suspension),Suspension,Shoulders,None,https://pump-app.s3.eu-west-2.amazonaws.com/exercise-assets/10751101-Suspender-Front-Raise_Shoulders_small.jpg,image
Front Squat,Barbell,Quadriceps,"Hamstrings, Glutes",https://pump-app.s3.eu-west-2.amazonaws.com/exercise-assets/00421201-Barbell-Front-Squat_Hips.mp4,video
Full Squat,Barbell,Quadriceps,"Hamstrings, Glutes",https://pump-app.s3.eu-west-2.amazonaws.com/exercise-assets/00431201-Barbell-Full-Squat_Thighs.mp4,video
Glute Bridge,None,Glutes,None,https://pump-app.s3.eu-west-2.amazonaws.com/exercise-assets/06681101-Rear-Decline-Bridge_Waist_small.jpg,image
Glute Ham Raise,Machine,Hamstrings,None,https://pump-app.s3.eu-west-2.amazonaws.com/exercise-assets/31931101-Glute-Ham-Raise_Thighs_small.jpg,image
Glute Kickback (Machine),Machine,Glutes,None,https://pump-app.s3.eu-west-2.amazonaws.com/exercise-assets/10371201-Lever-Standing-Rear-Kick_Hips.mp4,video
Glute Kickback on Floor,None,Glutes,None,https://pump-app.s3.eu-west-2.amazonaws.com/exercise-assets/14741201-Bent-Leg-Kickback-(kneeling)_Hips.mp4,video
Goblet Squat,Dumbbell,Quadriceps,"Hamstrings, Glutes",https://pump-app.s3.eu-west-2.amazonaws.com/exercise-assets/22811201-Dumbbell-Goblet-Squat-(female)_Thighs.mp4,video
Good Morning (Barbell),Barbell,Hamstrings,"Lower Back, Glutes",https://pump-app.s3.eu-west-2.amazonaws.com/exercise-assets/00441201-Barbell-Good-Morning_Thighs.mp4,video
Gorilla Row (Kettlebell),Kettlebell,Upper Back,None,https://pump-app.s3.eu-west-2.amazonaws.com/exercise-assets/72301201-Kettlebell-Gorilla-Row-(male)_Back_.mp4,video
Hack Squat,Barbell,Quadriceps,"Hamstrings, Glutes",https://pump-app.s3.eu-west-2.amazonaws.com/exercise-assets/00461201-Barbell-Hack-Squat_Hips.mp4,video
Hack Squat (Machine),Machine,Quadriceps,None,https://pump-app.s3.eu-west-2.amazonaws.com/exercise-assets/07431201-Sled-Hack-Squat_Hips.mp4,video
Hammer Curl (Band),Resistance Band,Biceps,None,https://pump-app.s3.eu-west-2.amazonaws.com/exercise-assets/08971101-Band-hammer-curl_Forearms_small.jpg,image
Hammer Curl (Cable),Machine,Biceps,None,https://pump-app.s3.eu-west-2.amazonaws.com/exercise-assets/01661201-Cable-Hammer-Curl_Forearm.mp4,video
Hammer Curl (Dumbbell),Dumbbell,Biceps,None,https://pump-app.s3.eu-west-2.amazonaws.com/exercise-assets/03121201-Dumbbell-Hammer-Curl-(version-2)_Upper-Arms.mp4,video
Handstand Hold,None,Full Body,None,https://pump-app.s3.eu-west-2.amazonaws.com/exercise-assets/33021101-Handstand_Upper-arms_small.jpg,image
Handstand Push Up,None,Shoulders,None,https://pump-app.s3.eu-west-2.amazonaws.com/exercise-assets/04711101-Handstand-Push-Up_Shoulders_small.jpg,image
Hang Clean,Barbell,Full Body,None,https://pump-app.s3.eu-west-2.amazonaws.com/exercise-assets/15201101-Barbell-Hang-Clean_Weightlifts_small.jpg,image
Hang Snatch,Barbell,Full Body,None,https://pump-app.s3.eu-west-2.amazonaws.com/exercise-assets/15221101-Barbell-Hang-Snatch_Weightlifts_small.jpg,image
Hanging Knee Raise,None,Abdominals,None,https://pump-app.s3.eu-west-2.amazonaws.com/exercise-assets/04721101-Hanging-Leg-Raise_Hips_small.jpg,image
Hanging Leg Raise,None,Abdominals,None,https://pump-app.s3.eu-west-2.amazonaws.com/exercise-assets/17641201-Hanging-Leg-Hip-Raise_Waist.mp4,video
Heel Taps,None,Abdominals,None,https://pump-app.s3.eu-west-2.amazonaws.com/exercise-assets/00061101-Alternate-Heel-Touchers_waist-FIX_small.jpg,image
Hex Press (Dumbbell),Dumbbell,Chest,Triceps,https://pump-app.s3.eu-west-2.amazonaws.com/exercise-assets/36811201-Dumbbell-Squeeze-Bench-Press_Chest-FIX_.mp4,video
High Knee Skips,None,Quadriceps,None,https://pump-app.s3.eu-west-2.amazonaws.com/exercise-assets/04771101-High-Knee-Skips_Cardio_small.jpg,image
High Knees,None,Glutes,None,https://pump-app.s3.eu-west-2.amazonaws.com/exercise-assets/08291101-Walk-(high-knees)_Cardio_small.jpg,image
HIIT,None,Cardio,None,None,None
Hiking,None,Cardio,None,None,None
Hip Abduction (Machine),Machine,Abductors,None,https://pump-app.s3.eu-west-2.amazonaws.com/exercise-assets/05971201-Lever-Seated-Hip-Abduction_Hips.mp4,video
Hip Adduction (Machine),Machine,Adductors,None,https://pump-app.s3.eu-west-2.amazonaws.com/exercise-assets/05981201-Lever-Seated-Hip-Adduction_Thighs.mp4,video
Hip Thrust,None,Glutes,None,https://pump-app.s3.eu-west-2.amazonaws.com/exercise-assets/20721101-Hip-Thrusts_Hips-FIX_small.jpg,image
Hip Thrust (Barbell),Barbell,Glutes,None,https://pump-app.s3.eu-west-2.amazonaws.com/exercise-assets/10601101-Barbell-Hip-Thrust_Hips_small.jpg,image
Hip Thrust (Machine),Machine,Glutes,None,https://pump-app.s3.eu-west-2.amazonaws.com/exercise-assets/21461201-Lever-Hip-Thrust_Hips.mp4,video
Hollow Rock,None,Abdominals,None,https://pump-app.s3.eu-west-2.amazonaws.com/exercise-assets/12461101-Hollow-Hold_Waist_small.jpg,image
Incline Bench Press (Barbell),Barbell,Chest,"Triceps, Shoulders",https://pump-app.s3.eu-west-2.amazonaws.com/exercise-assets/00471201-Barbell-Incline-Bench-Press_Chest.mp4,video
Incline Bench Press (Dumbbell),Dumbbell,Chest,"Triceps, Shoulders",https://pump-app.s3.eu-west-2.amazonaws.com/exercise-assets/03141201-Dumbbell-Incline-Bench-Press_Chest.mp4,video
Incline Bench Press (Smith Machine),Machine,Chest,"Triceps, Shoulders",https://pump-app.s3.eu-west-2.amazonaws.com/exercise-assets/07571201-Smith-Incline-Bench-Press_Chest.mp4,video
Incline Chest Fly (Dumbbell),Dumbbell,Chest,None,https://pump-app.s3.eu-west-2.amazonaws.com/exercise-assets/03191201-Dumbbell-Incline-Fly_Chest.mp4,video
Incline Chest Press (Machine),Machine,Chest,"Triceps, Shoulders",https://pump-app.s3.eu-west-2.amazonaws.com/exercise-assets/14791201-Lever-Incline-Chest-Press_Chest.mp4,video
Incline Push Ups,None,Chest,None,https://pump-app.s3.eu-west-2.amazonaws.com/exercise-assets/37851201-Incline-Push-Up-(on-box).mp4,video
Inverted Row,Machine,Upper Back,None,https://pump-app.s3.eu-west-2.amazonaws.com/exercise-assets/04991201-Inverted-Row_Back.mp4,video
Iso-Lateral Chest Press (Machine),Machine,Chest,None,https://pump-app.s3.eu-west-2.amazonaws.com/exercise-assets/05761201-Lever-Chest-Press-(plate-loaded)_Chest.mp4,video
Iso-Lateral High Row (Machine),Machine,Lats,None,https://pump-app.s3.eu-west-2.amazonaws.com/exercise-assets/05811101-Lever-High-Row-(plate-loaded)_Back_small.jpg,image
Iso-Lateral Low Row,Machine,Lats,Upper Back,https://pump-app.s3.eu-west-2.amazonaws.com/exercise-assets/42141201-Lever-Low-Row-(plate-loaded)_Back_.mp4,video
Iso-Lateral Row (Machine),Machine,Lats,None,https://pump-app.s3.eu-west-2.amazonaws.com/exercise-assets/05881101-Lever-Narrow-Grip-Seated-Row-(plate-loaded)_Back_small.jpg,image
Jack Knife (Suspension),Suspension,Abdominals,None,https://pump-app.s3.eu-west-2.amazonaws.com/exercise-assets/10821101-Suspender-Jack-knife_Waist_small.jpg,image
Jackknife Sit Up,None,Abdominals,None,https://pump-app.s3.eu-west-2.amazonaws.com/exercise-assets/05071301-jackknife-sit-up_small.jpg,image
JM Press (Barbell),Barbell,Triceps,None,https://pump-app.s3.eu-west-2.amazonaws.com/exercise-assets/00521201-Barbell-JM-Bench-Press_Upper-Arms-FIX_.mp4,video
Jump Rope,Other,Cardio,None,https://pump-app.s3.eu-west-2.amazonaws.com/exercise-assets/05111101-Jump-Rope_Cardio_small.jpg,image
Jump Shrug,Barbell,Full Body,None,None,None
Jump Squat,None,Quadriceps,"Hamstrings, Glutes",https://pump-app.s3.eu-west-2.amazonaws.com/exercise-assets/05141201-Jump-Squat_Thighs.mp4,video
Jumping Jack,None,Full Body,None,https://pump-app.s3.eu-west-2.amazonaws.com/exercise-assets/05161101-Jumping-Jack_Cardio_small.jpg,image
Jumping Lunge,None,Quadriceps,"Hamstrings, Glutes",https://pump-app.s3.eu-west-2.amazonaws.com/exercise-assets/11661201-Jump-Split-m_Plyometrics.mp4,video
Kettlebell Clean,Kettlebell,Full Body,None,https://pump-app.s3.eu-west-2.amazonaws.com/exercise-assets/45431101-Kettlebell-One-Arm-Clean_Weightlifting_small.jpg,image
Kettlebell Curl,Kettlebell,Biceps,None,None,None
Kettlebell Goblet Squat,Kettlebell,Quadriceps,None,https://pump-app.s3.eu-west-2.amazonaws.com/exercise-assets/05341101-Kettlebell-Goblet-Squat_thighs_small.jpg,image
Kettlebell High Pull,Kettlebell,Full Body,Traps,https://pump-app.s3.eu-west-2.amazonaws.com/exercise-assets/05481101-Kettlebell-Sumo-High-Pull_back_small.jpg,image
Kettlebell Shoulder Press,Kettlebell,Full Body,None,https://pump-app.s3.eu-west-2.amazonaws.com/exercise-assets/35721101-Kettlebell-Strict-Press_Shoulders_small.jpg,image
Kettlebell Snatch,Kettlebell,Full Body,None,https://pump-app.s3.eu-west-2.amazonaws.com/exercise-assets/05421101-Kettlebell-One-Arm-Snatch_Shoulders_small.jpg,image
Kettlebell Swing,Kettlebell,Full Body,None,https://pump-app.s3.eu-west-2.amazonaws.com/exercise-assets/05491101-Kettlebell-Swing_Kettlebell_small.jpg,image
Kettlebell Turkish Get Up,Kettlebell,Full Body,None,https://pump-app.s3.eu-west-2.amazonaws.com/exercise-assets/05511101-Kettlebell-Turkish-Get-Up-(Squat-style)_Thighs_small.jpg,image
Kipping Pull Up,Machine,Lats,Upper Back,None,None
Knee Raise Parallel Bars,Machine,Abdominals,None,https://pump-app.s3.eu-west-2.amazonaws.com/exercise-assets/21261201-Captains-chair-leg-raise_Hips.mp4,video
Kneeling Pulldown (band),Machine,Lats,None,https://pump-app.s3.eu-west-2.amazonaws.com/exercise-assets/09051101-Band-kneeling-pulldown_Back_small.jpg,image
Kneeling Push Up,None,Chest,"Triceps, Shoulders",https://pump-app.s3.eu-west-2.amazonaws.com/exercise-assets/32111101-Kneeling-Push-up-(male)_small.jpg,image
L-Sit Hold,None,Abdominals,None,https://pump-app.s3.eu-west-2.amazonaws.com/exercise-assets/14021201-L-sit_Waist.mp4,video
Landmine 180,Barbell,Abdominals,None,https://pump-app.s3.eu-west-2.amazonaws.com/exercise-assets/05621201-Landmine-180_waist.mp4,video
Landmine Row,Barbell,Upper Back,Lats,https://pump-app.s3.eu-west-2.amazonaws.com/exercise-assets/32001201-Lever-Bent-over-Row-with-V-bar-(plate-loaded)_Back.mp4,video
Landmine Squat and Press,Barbell,Full Body,None,https://pump-app.s3.eu-west-2.amazonaws.com/exercise-assets/29761301-Landmine-Squat-and-Press_360.jpg,image
Lat Pulldown (Band),Resistance Band,Lats,None,https://pump-app.s3.eu-west-2.amazonaws.com/exercise-assets/09741101-Band-close-grip-pulldown_Back_small.jpg,image
Lat Pulldown (Cable),Machine,Lats,None,https://pump-app.s3.eu-west-2.amazonaws.com/exercise-assets/01501201-Cable-Bar-Lateral-Pulldown_Back.mp4,video
Lat Pulldown (Machine),Machine,Lats,None,https://pump-app.s3.eu-west-2.amazonaws.com/exercise-assets/05791201-Lever-Front-Pulldown_Back.mp4,video
Lat Pulldown - Close Grip (Cable),Machine,Lats,None,https://pump-app.s3.eu-west-2.amazonaws.com/exercise-assets/26161101-Cable-Lateral-Pulldown-with-V-bar_Back_small.jpg,image
Lateral Band Walks,Resistance Band,Glutes,None,https://pump-app.s3.eu-west-2.amazonaws.com/exercise-assets/24601101-Resistance-Band-Lateral-Walk_Hips_small.jpg,image
Lateral Box Jump,Other,Quadriceps,None,https://pump-app.s3.eu-west-2.amazonaws.com/exercise-assets/05641101-Lateral-Box-Jump_Plyometrics_small.jpg,image
Lateral Leg Raises,None,Glutes,None,None,None
Lateral Lunge,None,Quadriceps,"Hamstrings, Glutes",https://pump-app.s3.eu-west-2.amazonaws.com/exercise-assets/29721101-Side-Lunge_Thighs_small.jpg,image
Lateral Raise (Band),Resistance Band,Shoulders,None,https://pump-app.s3.eu-west-2.amazonaws.com/exercise-assets/09071101-Band-lateral-raise_Shoulders_small.jpg,image
Lateral Raise (Cable),Machine,Shoulders,None,https://pump-app.s3.eu-west-2.amazonaws.com/exercise-assets/01781201-Cable-Lateral-Raise_shoulder.mp4,video
Lateral Raise (Dumbbell),Dumbbell,Shoulders,None,https://pump-app.s3.eu-west-2.amazonaws.com/exercise-assets/03341201-Dumbbell-Lateral-Raise_shoulder.mp4,video
Lateral Raise (Machine),Machine,Shoulders,None,https://pump-app.s3.eu-west-2.amazonaws.com/exercise-assets/05841201-Lever-Lateral-Raise_shoulder.mp4,video
Lateral Squat,None,Quadriceps,"Hamstrings, Glutes",None,None
Leg Extension (Machine),Machine,Quadriceps,None,https://pump-app.s3.eu-west-2.amazonaws.com/exercise-assets/05851201-Lever-Leg-Extension_Thighs.mp4,video
Leg Press (Machine),Machine,Quadriceps,None,https://pump-app.s3.eu-west-2.amazonaws.com/exercise-assets/07391201-Sled-45-Leg-Press_Hips.mp4,video
Leg Press Horizontal (Machine),Machine,Quadriceps,"Hamstrings, Glutes",https://pump-app.s3.eu-west-2.amazonaws.com/exercise-assets/22671201-Lever-Seated-Leg-Press_Thighs.mp4,video
Leg Raise Parallel Bars,Machine,Abdominals,None,https://pump-app.s3.eu-west-2.amazonaws.com/exercise-assets/29631101-Captains-Chair-Straight-Leg-Raise_Waist_small.jpg,image
Low Cable Fly Crossovers,Machine,Chest,None,https://pump-app.s3.eu-west-2.amazonaws.com/exercise-assets/01791201-Cable-Low-Fly_Chest.mp4,video
Low Row (Suspension),Suspension,Upper Back,None,https://pump-app.s3.eu-west-2.amazonaws.com/exercise-assets/10921101-Suspender-Row_Back_small.jpg,image
Lunge,None,Quadriceps,"Hamstrings, Glutes",https://pump-app.s3.eu-west-2.amazonaws.com/exercise-assets/14601201-Walking-Lunge-Male_Hips.mp4,video
Lunge (Barbell),Barbell,Quadriceps,"Hamstrings, Glutes",https://pump-app.s3.eu-west-2.amazonaws.com/exercise-assets/00541201-Barbell-Lunge_Thighs.mp4,video
Lunge (Dumbbell),Dumbbell,Quadriceps,"Hamstrings, Glutes",https://pump-app.s3.eu-west-2.amazonaws.com/exercise-assets/03361201-Dumbbell-Lunge_Hips.mp4,video
Lying Knee Raise,None,Abdominals,None,https://pump-app.s3.eu-west-2.amazonaws.com/exercise-assets/06171101-Lying-Hip-Leg-Raise-(on-floor)_Hips_small.jpg,image
Lying Leg Curl (Machine),Machine,Hamstrings,None,https://pump-app.s3.eu-west-2.amazonaws.com/exercise-assets/05861201-Lever-Lying-Leg-Curl_Thighs.mp4,video
Lying Leg Raise,None,Abdominals,None,https://pump-app.s3.eu-west-2.amazonaws.com/exercise-assets/11631201-Lying-Leg-Raise_Waist.mp4,video
Lying Neck Curls,None,Neck,None,None,None
Lying Neck Curls (Weighted),Plate,Neck,None,https://pump-app.s3.eu-west-2.amazonaws.com/exercise-assets/10431201-Weighted-Lying-Neck-Flexion_neck.mp4,video
Lying Neck Extension,None,Neck,None,None,None
Lying Neck Extension (Weighted),Plate,Neck,None,https://pump-app.s3.eu-west-2.amazonaws.com/exercise-assets/10421101-Weighted-Lying-Neck-Extension_neck_small.jpg,image
Meadows Rows (Barbell),Barbell,Upper Back,None,None,None
Mountain Climber,None,Full Body,None,https://pump-app.s3.eu-west-2.amazonaws.com/exercise-assets/06301101-Mountain-Climber_Cardio_small.jpg,image
Muscle Up,Machine,Full Body,None,https://pump-app.s3.eu-west-2.amazonaws.com/exercise-assets/14011101-Muscle-up-(on-vertical-bar)_Back_small.jpg,image
Negative Pull Up,None,Lats,None,https://pump-app.s3.eu-west-2.amazonaws.com/exercise-assets/47741201-Pull-up-(negative)-(female)_Back_.mp4,video
Nordic Hamstrings Curls,None,Hamstrings,Glutes,https://pump-app.s3.eu-west-2.amazonaws.com/exercise-assets/42041101-Resistance-Band-Assisted-Nordic-Hamstring-Curl_Thighs_small.jpg,image
Oblique Crunch,None,Abdominals,None,https://pump-app.s3.eu-west-2.amazonaws.com/exercise-assets/06351201-Oblique-Crunches-Floor_Waist.mp4,video
One Arm Push Up,None,Full Body,None,https://pump-app.s3.eu-west-2.amazonaws.com/exercise-assets/07251201-Single-Arm-Push-up_Chest.mp4,video
Overhead Curl (Cable),Machine,Biceps,None,https://pump-app.s3.eu-west-2.amazonaws.com/exercise-assets/16361101-Cable-Overhead-Curl_Upper-Arms_small.jpg,image
Overhead Dumbbell Lunge,Dumbbell,Quadriceps,"Hamstrings, Glutes",None,None
Overhead Press (Barbell),Barbell,Shoulders,Triceps,https://pump-app.s3.eu-west-2.amazonaws.com/exercise-assets/11651201-Barbell-Standing-Military-Press-(without-rack)_Shoulders.mp4,video
Overhead Press (Dumbbell),Dumbbell,Shoulders,Triceps,https://pump-app.s3.eu-west-2.amazonaws.com/exercise-assets/04261201-Dumbbell-Standing-Overhead-Press_shoulder.mp4,video
Overhead Press (Smith Machine),Machine,Shoulders,Triceps,https://pump-app.s3.eu-west-2.amazonaws.com/exercise-assets/12241201-Smith-Standing-Shoulder-Press_Shoulders.mp4,video
Overhead Squat,Barbell,Full Body,None,https://pump-app.s3.eu-west-2.amazonaws.com/exercise-assets/00691101-Barbell-Overhead-Squat_Thighs_small.jpg,image
Pause Squat (Barbell),Barbell,Quadriceps,None,https://pump-app.s3.eu-west-2.amazonaws.com/exercise-assets/50161201-Barbell-Pause-Full-Squat_Thighs_.mp4,video
Pendlay Row (Barbell),Barbell,Upper Back,None,None,None
Pendulum Squat (Machine),Machine,Quadriceps,"Glutes, Calves",https://pump-app.s3.eu-west-2.amazonaws.com/exercise-assets/49511201-Lever-Pendulum-Squat-(plate-loaded)_Thighs_.mp4,video
Pike Pushup,None,Triceps,Shoulders,https://pump-app.s3.eu-west-2.amazonaws.com/exercise-assets/29211101-Pike-Push-up_Chest_small.jpg,image
Pilates,None,Full Body,None,None,None
Pinwheel Curl (Dumbbell),Dumbbell,Biceps,None,None,None
Pistol Squat,None,Quadriceps,"Hamstrings, Glutes, Calves",https://pump-app.s3.eu-west-2.amazonaws.com/exercise-assets/17591101-Single-Leg-Squat-(pistol)-male_Thighs_small.jpg,image
Plank,None,Abdominals,None,https://pump-app.s3.eu-west-2.amazonaws.com/exercise-assets/04631201-Front-Plank-m_waist.mp4,video
Plank Pushup,None,Chest,Abdominals,https://pump-app.s3.eu-west-2.amazonaws.com/exercise-assets/28901101-Front-Plank-to-Push-up-(female)_small.jpg,image
Plate Curl,Plate,Biceps,None,https://pump-app.s3.eu-west-2.amazonaws.com/exercise-assets/08531101-Weighted-Standing-Curl_Forearms_small.jpg,image
Plate Front Raise,Plate,Shoulders,None,https://pump-app.s3.eu-west-2.amazonaws.com/exercise-assets/08341201-Weighted-Front-Raise_Shoulders.mp4,video
Plate Press,Plate,Chest,None,https://pump-app.s3.eu-west-2.amazonaws.com/exercise-assets/12251101-Standing-Plate-Presses_Shoulders_small.jpg,image
Plate Squeeze (Svend Press),Plate,Chest,None,https://pump-app.s3.eu-west-2.amazonaws.com/exercise-assets/08561201-Weighted-Svend-Press_Chest.mp4,video
Power Clean,Barbell,Full Body,None,https://pump-app.s3.eu-west-2.amazonaws.com/exercise-assets/06481201-Power-Clean_Thighs.mp4,video
Power Snatch,Barbell,Full Body,None,https://pump-app.s3.eu-west-2.amazonaws.com/exercise-assets/15301101-Barbell-Power-Snatch_Weightlifts_small.jpg,image
Preacher Curl (Barbell),Barbell,Biceps,None,https://pump-app.s3.eu-west-2.amazonaws.com/exercise-assets/00701201-Barbell-Preacher-Curl_Upper-Arms.mp4,video
Preacher Curl (Dumbbell),Dumbbell,Biceps,None,https://pump-app.s3.eu-west-2.amazonaws.com/exercise-assets/04021201-Dumbbell-Seated-Preacher-Curl_Upper-Arms.mp4,video
Preacher Curl (Machine),Machine,Biceps,None,https://pump-app.s3.eu-west-2.amazonaws.com/exercise-assets/05921201-Lever-Preacher-Curl_Upper-Arms.mp4,video
Press Under,Barbell,Full Body,None,None,None
Pull Up,Machine,Lats,Upper Back,https://pump-app.s3.eu-west-2.amazonaws.com/exercise-assets/06521201-Pull-up_Back.mp4,video
Pull Up (Assisted),Machine,Lats,Upper Back,https://pump-app.s3.eu-west-2.amazonaws.com/exercise-assets/00171201-Assisted-Pull-up_Back.mp4,video
Pull Up (Band),Resistance Band,Lats,Upper Back,https://pump-app.s3.eu-west-2.amazonaws.com/exercise-assets/09701301-Band-assisted-pullup_Back_small.jpg,image
Pull Up (Weighted),Machine,Lats,Upper Back,https://pump-app.s3.eu-west-2.amazonaws.com/exercise-assets/08411101-Weighted-Pull-Up_back_small.jpg,image
Pullover (Dumbbell),Dumbbell,Chest,None,https://pump-app.s3.eu-west-2.amazonaws.com/exercise-assets/03751201-Dumbbell-Pullover_Chest.mp4,video
Pullover (Machine),Machine,Chest,Lats,https://pump-app.s3.eu-west-2.amazonaws.com/exercise-assets/22851201-Lever-Pullover-(plate-loaded)_Back_.mp4,video
Push Press,Barbell,Shoulders,None,https://pump-app.s3.eu-west-2.amazonaws.com/exercise-assets/12001201-Push-Press_Shoulders.mp4,video
Push Up,None,Chest,"Triceps, Shoulders",https://pump-app.s3.eu-west-2.amazonaws.com/exercise-assets/06621201-Push-up-m_Chest.mp4,video
Push Up (Weighted),None,Chest,"Triceps, Shoulders",https://pump-app.s3.eu-west-2.amazonaws.com/exercise-assets/11721201-Assisted-Weighted-Push-up_Chest.mp4,video
Push Up - Close Grip,None,Chest,"Triceps, Shoulders",https://pump-app.s3.eu-west-2.amazonaws.com/exercise-assets/02591201-Close-Grip-Push-up_Upper-Arms.mp4,video
Rack Pull,Barbell,Lower Back,"Glutes, Quadriceps, Hamstrings",https://pump-app.s3.eu-west-2.amazonaws.com/exercise-assets/00741101-Barbell-Rack-Pull_Hips-FIX_small.jpg,image
Rear Delt Reverse Fly (Cable),Machine,Upper Back,Shoulders,https://pump-app.s3.eu-west-2.amazonaws.com/exercise-assets/02251101-Cable-Standing-Cross-over-High-Reverse-Fly_Shoulders_small.jpg,image
Rear Delt Reverse Fly (Dumbbell),Dumbbell,Upper Back,Shoulders,https://pump-app.s3.eu-west-2.amazonaws.com/exercise-assets/24871101-Dumbbell-Rear-Delt-Fly-(female)_Shoulders_small.jpg,image
Rear Delt Reverse Fly (Machine),Machine,Upper Back,Shoulders,https://pump-app.s3.eu-west-2.amazonaws.com/exercise-assets/06021201-Lever-Seated-Reverse-Fly_Shoulders.mp4,video
Renegade Row (Dumbbell),Dumbbell,Upper Back,None,https://pump-app.s3.eu-west-2.amazonaws.com/exercise-assets/05211101-Kettlebell-Alternating-Renegade-Row_back_small.jpg,image
Reverse Crunch,None,Abdominals,None,https://pump-app.s3.eu-west-2.amazonaws.com/exercise-assets/08721201-Reverse-Crunch-m_waist.mp4,video
Reverse Curl (Barbell),Barbell,Biceps,Forearms,https://pump-app.s3.eu-west-2.amazonaws.com/exercise-assets/00801201-Barbell-Reverse-Curl_Forearm.mp4,video
Reverse Curl (Cable),Machine,Biceps,None,https://pump-app.s3.eu-west-2.amazonaws.com/exercise-assets/02061201-Cable-Reverse-Curl_Forearm.mp4,video
Reverse Curl (Dumbbell),Dumbbell,Biceps,Forearms,https://pump-app.s3.eu-west-2.amazonaws.com/exercise-assets/03821201-Dumbbell-Revers-grip-Biceps-Curl_Forearms.mp4,video
Reverse Fly Single Arm (Cable),Machine,Upper Back,Shoulders,None,None
Reverse Grip Concentration Curl,Dumbbell,Biceps,None,https://pump-app.s3.eu-west-2.amazonaws.com/exercise-assets/04031101-Dumbbell-Seated-Revers-grip-Concentration-Curl_Forearms_small.jpg,image
Reverse Grip Lat Pulldown (Cable),Machine,Upper Back,None,https://pump-app.s3.eu-west-2.amazonaws.com/exercise-assets/02081201-Cable-Reverse-grip-Straight-Back-Seated-High-Row_Back.mp4,video
Reverse Hyperextension,Machine,Glutes,Hamstrings,https://pump-app.s3.eu-west-2.amazonaws.com/exercise-assets/05931201-Lever-Reverse-Hyperextension-(plate-loaded)_Hips.mp4,video
Reverse Lunge,None,Quadriceps,"Hamstrings, Glutes",https://pump-app.s3.eu-west-2.amazonaws.com/exercise-assets/15811101-Bodyweight-Rear-Lunge_Thighs_small.jpg,image
Reverse Lunge (Barbell),Barbell,Quadriceps,"Hamstrings, Glutes",https://pump-app.s3.eu-west-2.amazonaws.com/exercise-assets/00781101-Barbell-Rear-Lunge_Thighs_small.jpg,image
Reverse Lunge (Dumbbell),Dumbbell,Hamstrings,"Hamstrings, Glutes",https://pump-app.s3.eu-west-2.amazonaws.com/exercise-assets/03811201-Dumbbell-Rear-Lunge_Thighs.mp4,video
Reverse Plank,None,Abdominals,None,https://pump-app.s3.eu-west-2.amazonaws.com/exercise-assets/08671201-Reverse-plank_Back.mp4,video
Ring Dips,None,Triceps,None,https://pump-app.s3.eu-west-2.amazonaws.com/exercise-assets/06771101-Ring-Dips_Upper-Arms_small.jpg,image
Romanian Deadlift (Barbell),Barbell,Hamstrings,Glutes,https://pump-app.s3.eu-west-2.amazonaws.com/exercise-assets/22131201-Barbell-Romanian-Deadlift-(female)_Hips.mp4,video
Romanian Deadlift (Dumbbell),Dumbbell,Hamstrings,Glutes,https://pump-app.s3.eu-west-2.amazonaws.com/exercise-assets/14591201-Dumbbell-Romanian-Deadlift_Hips.mp4,video
Rope Cable Curl,Machine,Biceps,None,https://pump-app.s3.eu-west-2.amazonaws.com/exercise-assets/01651101-Cable-Hammer-Curl-(with-rope)-m_Forearms_small.jpg,image
Rope Straight Arm Pulldown,Machine,Lats,None,https://pump-app.s3.eu-west-2.amazonaws.com/exercise-assets/02371201-Cable-Straight-Arm-Pulldown-(with-rope)_Back.mp4,video
Rowing Machine,Machine,Cardio,None,https://pump-app.s3.eu-west-2.amazonaws.com/exercise-assets/22701201-Rowing-Straight-Back-(with-rowing-machine)-(female)_Cardio.mp4,video
Running,None,Cardio,None,https://pump-app.s3.eu-west-2.amazonaws.com/exercise-assets/21961201-Run-(female)_Cardio.mp4,video
Russian Twist (Bodyweight),None,Abdominals,None,https://pump-app.s3.eu-west-2.amazonaws.com/exercise-assets/06871201-Russian-Twist_waist.mp4,video
Russian Twist (Weighted),Plate,Abdominals,None,https://pump-app.s3.eu-west-2.amazonaws.com/exercise-assets/23711201-Weighted-Russian-Twist_Waist.mp4,video
Scapular Pull Ups,None,Upper Back,None,https://pump-app.s3.eu-west-2.amazonaws.com/exercise-assets/06881101-Scapular-Pull-Up_back_small.jpg,image
Seated Cable Row - Bar Grip,Machine,Upper Back,None,https://pump-app.s3.eu-west-2.amazonaws.com/exercise-assets/01801201-Cable-Low-Seated-Row_Back.mp4,video
Seated Cable Row - Bar Wide Grip,Machine,Upper Back,None,https://pump-app.s3.eu-west-2.amazonaws.com/exercise-assets/02181201-Cable-Seated-Wide-grip-Row_Back.mp4,video
Seated Cable Row - V Grip (Cable),Machine,Upper Back,None,https://pump-app.s3.eu-west-2.amazonaws.com/exercise-assets/26611201-Cable-Seated-Row-with-V-bar_Back.mp4,video
Seated Calf Raise,Machine,Calves,None,https://pump-app.s3.eu-west-2.amazonaws.com/exercise-assets/05941201-Lever-Seated-Calf-Raise-(plate-loaded).mp4,video
Seated Chest Flys (Cable),Machine,Chest,None,https://pump-app.s3.eu-west-2.amazonaws.com/exercise-assets/38691101-Cable-Seated-Chest-Fly_Chest_small.jpg,image
Seated Dip Machine,Machine,Triceps,None,https://pump-app.s3.eu-west-2.amazonaws.com/exercise-assets/14511201-Lever-Seated-Dip_Upper-Arms.mp4,video
Seated Incline Curl (Dumbbell),Dumbbell,Biceps,None,https://pump-app.s3.eu-west-2.amazonaws.com/exercise-assets/03151201-Dumbbell-Incline-Biceps-Curl_Upper-Arms.mp4,video
Seated Lateral Raise (Dumbbell),Dumbbell,Shoulders,None,https://pump-app.s3.eu-west-2.amazonaws.com/exercise-assets/03961201-Dumbbell-Seated-Lateral-Raise_shoulder.mp4,video
Seated Leg Curl (Machine),Machine,Hamstrings,None,https://pump-app.s3.eu-west-2.amazonaws.com/exercise-assets/05991201-Lever-Seated-Leg-Curl_Thighs.mp4,video
Seated Overhead Press (Barbell),Barbell,Shoulders,Triceps,https://pump-app.s3.eu-west-2.amazonaws.com/exercise-assets/00911101-Barbell-Seated-Overhead-Press_Shoulders_small.jpg,image
Seated Overhead Press (Dumbbell),Dumbbell,Shoulders,Triceps,https://pump-app.s3.eu-west-2.amazonaws.com/exercise-assets/02901201-Dumbbell-Bench-Seated-Press_Shoulders.mp4,video
Seated Palms Up Wrist Curl,Dumbbell,Forearms,None,https://pump-app.s3.eu-west-2.amazonaws.com/exercise-assets/0401-seated-palms-up-wrist-curl.jpg,image
Seated Row (Machine),Machine,Upper Back,None,https://pump-app.s3.eu-west-2.amazonaws.com/exercise-assets/22651201-Lever-Seated-Row-(version-2)_Back.mp4,video
Seated Shoulder Press (Machine),Machine,Shoulders,Triceps,https://pump-app.s3.eu-west-2.amazonaws.com/exercise-assets/14541201-Lever-Seated-Shoulder-Press_Shoulders.mp4,video
Seated Triceps Press,Machine,Triceps,None,None,None
Seated Wrist Extension (Barbell),Barbell,Forearms,None,https://pump-app.s3.eu-west-2.amazonaws.com/exercise-assets/00791201-Barbell-Revers-Wrist-Curl-II_Forearms.mp4,video
Shoulder Press (Dumbbell),Dumbbell,Shoulders,None,https://pump-app.s3.eu-west-2.amazonaws.com/exercise-assets/04051201-Dumbbell-Seated-Shoulder-Press_Shoulders.mp4,video
Shoulder Press (Machine Plates),Machine,Shoulders,None,https://pump-app.s3.eu-west-2.amazonaws.com/exercise-assets/05871201-Lever-Military-Press-(plate-loaded)_shoulder.mp4,video
Shoulder Taps,None,Shoulders,Abdominals,https://pump-app.s3.eu-west-2.amazonaws.com/exercise-assets/06991201-Shoulder-Tap-Push-up_Plyometrics.mp4,video
Shrug (Barbell),Barbell,Traps,Neck,https://pump-app.s3.eu-west-2.amazonaws.com/exercise-assets/00951201-Barbell-Shrug_Back.mp4,video
Shrug (Cable),Machine,Traps,Neck,https://pump-app.s3.eu-west-2.amazonaws.com/exercise-assets/02201201-Cable-Shrug_Back.mp4,video
Shrug (Dumbbell),Dumbbell,Traps,Neck,https://pump-app.s3.eu-west-2.amazonaws.com/exercise-assets/04061201-Dumbbell-Shrug_Back.mp4,video
Shrug (Machine),Machine,Traps,Neck,https://pump-app.s3.eu-west-2.amazonaws.com/exercise-assets/06041201-Lever-Shrug-(plate-loaded)_Back.mp4,video
Shrug (Smith Machine),Machine,Traps,Neck,https://pump-app.s3.eu-west-2.amazonaws.com/exercise-assets/07461201-Smith-Back-Shrug_Back.mp4,video
Side Bend,None,Abdominals,None,https://pump-app.s3.eu-west-2.amazonaws.com/exercise-assets/00021201-45-Side-Bend_Waist.mp4,video
Side Bend (Dumbbell),Dumbbell,Abdominals,None,https://pump-app.s3.eu-west-2.amazonaws.com/exercise-assets/04071201-Dumbbell-Side-Bend_Waist.mp4,video
Side Plank,None,Abdominals,None,https://pump-app.s3.eu-west-2.amazonaws.com/exercise-assets/07151201-Side-Plank-m_Waist.mp4,video
Single Arm Cable Crossover,Machine,Chest,None,None,None
Single Arm Cable Row,Machine,Upper Back,None,None,None
Single Arm Curl (Cable),Machine,Biceps,None,https://pump-app.s3.eu-west-2.amazonaws.com/exercise-assets/01901101-Cable-One-Arm-Curl_Upper-Arms_small.jpg,image
Single Arm Landmine Press (Barbell),Barbell,Shoulders,None,None,None
Single Arm Lat Pulldown,Machine,Lats,None,https://pump-app.s3.eu-west-2.amazonaws.com/exercise-assets/12041101-Cable-one-arm-lat-pulldown_back_small.jpg,image
Single Arm Lateral Raise (Cable),Machine,Shoulders,None,https://pump-app.s3.eu-west-2.amazonaws.com/exercise-assets/01921201-Cable-One-Arm-Lateral-Raise_Shoulders.mp4,video
Single Arm Tricep Extension (Dumbbell),Dumbbell,Triceps,None,https://pump-app.s3.eu-west-2.amazonaws.com/exercise-assets/03621201-Dumbbell-One-Arm-Triceps-Extension-(on-bench)_Upper-Arms.mp4,video
Single Arm Triceps Pushdown (Cable),Machine,Triceps,None,https://pump-app.s3.eu-west-2.amazonaws.com/exercise-assets/50331201-Cable-Single-Arm-Triceps-Pushdown-(rope-attachment.mp4,video
Single Leg Extensions,Machine,Quadriceps,None,None,None
Single Leg Glute Bridge,None,Glutes,None,None,None
Single Leg Hip Thrust,None,Glutes,None,https://pump-app.s3.eu-west-2.amazonaws.com/exercise-assets/20711101-Single-Leg_Hip-Thrusts_Hips_small.jpg,image
Single Leg Hip Thrust (Dumbbell),Dumbbell,Glutes,None,https://pump-app.s3.eu-west-2.amazonaws.com/exercise-assets/47551101-Dumbbell-Single-Leg-Hip-Thrust_Hips_small.jpg,image
Single Leg Press (Machine),Machine,Quadriceps,None,https://pump-app.s3.eu-west-2.amazonaws.com/exercise-assets/08831201-Lever-Horizontal-One-leg-Press_Hips.mp4,video
Single Leg Romanian Deadlift (Barbell),Barbell,Hamstrings,Glutes,None,None
Single Leg Romanian Deadlift (Dumbbell),Dumbbell,Hamstrings,Glutes,None,None
Single Leg Standing Calf Raise,None,Calves,None,https://pump-app.s3.eu-west-2.amazonaws.com/exercise-assets/13731101-Bodyweight-Standing-Calf-Raise_Calves_small.jpg,image
Single Leg Standing Calf Raise (Barbell),Barbell,Calves,None,https://pump-app.s3.eu-west-2.amazonaws.com/exercise-assets/01081101-Barbell-Standing-Leg-Calf-Raise_Calf_small.jpg,image
Single Leg Standing Calf Raise (Dumbbell),Dumbbell,Calves,None,https://pump-app.s3.eu-west-2.amazonaws.com/exercise-assets/04171201-Dumbbell-Standing-Calf-Raise_Calves.mp4,video
Single Leg Standing Calf Raise (Machine),Machine,Calves,None,https://pump-app.s3.eu-west-2.amazonaws.com/exercise-assets/06051201-Lever-Standing-Calf-Raise_Calves.mp4,video
Sissy Squat (Weighted),None,Quadriceps,None,https://pump-app.s3.eu-west-2.amazonaws.com/exercise-assets/08511201-Weighted-Sissy-Squat_Thighs.mp4,video
Sit Up,None,Abdominals,None,https://pump-app.s3.eu-west-2.amazonaws.com/exercise-assets/00011201-3-4-Sit-up_Waist.mp4,video
Sit Up (Weighted),None,Abdominals,None,None,None
Skating,None,Cardio,None,None,None
Skiing,None,Cardio,None,None,None
Skullcrusher (Barbell),Barbell,Triceps,None,https://pump-app.s3.eu-west-2.amazonaws.com/exercise-assets/00351101-Barbell-Decline-Close-Grip-To-Skull-Press_Upper-Arms_small.jpg,image
Skullcrusher (Dumbbell),Dumbbell,Triceps,None,https://pump-app.s3.eu-west-2.amazonaws.com/exercise-assets/03511101-Dumbbell-Lying-Triceps-Extension_Upper-Arms_small.jpg,image
Sled Push,Other,Full Body,None,https://pump-app.s3.eu-west-2.amazonaws.com/exercise-assets/25241201-Power-Sled-Push-(female)_Thighs.mp4,video
Snatch,Barbell,Full Body,None,https://pump-app.s3.eu-west-2.amazonaws.com/exercise-assets/15331101-Barbell-Snatch_Weightlifts_small.jpg,image
Snowboarding,None,Cardio,None,None,None
Spider Curl (Barbell),Barbell,Biceps,None,https://pump-app.s3.eu-west-2.amazonaws.com/exercise-assets/00721201-Barbell-Prone-Incline-Curl_Upper-Arms.mp4,video
Spider Curl (Dumbbell),Dumbbell,Biceps,None,https://pump-app.s3.eu-west-2.amazonaws.com/exercise-assets/03741201-Dumbbell-Prone-Incline-Curl_Upper-Arms.mp4,video
Spiderman,None,Abdominals,None,None,None
Spinning,Machine,Cardio,None,https://pump-app.s3.eu-west-2.amazonaws.com/exercise-assets/22791201-Stationary-Bike-Run-(version-4)_Cardio.mp4,video
Split Jerk,Barbell,Full Body,None,https://pump-app.s3.eu-west-2.amazonaws.com/exercise-assets/15381101-Barbell-Split-Jerk_Weightlifts_small.jpg,image
Split Squat (Dumbbell),Dumbbell,Quadriceps,None,https://pump-app.s3.eu-west-2.amazonaws.com/exercise-assets/29601201-Dumbbell-Split-Squat_Thighs.mp4,video
Sprints,None,Cardio,None,None,None
Squat (Band),Resistance Band,Quadriceps,"Hamstrings, Glutes",https://pump-app.s3.eu-west-2.amazonaws.com/exercise-assets/10041101-Band-squat_Hips_small.jpg,image
Squat (Barbell),Barbell,Quadriceps,"Hamstrings, Glutes",https://pump-app.s3.eu-west-2.amazonaws.com/exercise-assets/00431201-Barbell-Full-Squat_Thighs.mp4,video
Squat (Bodyweight),None,Quadriceps,"Hamstrings, Glutes",https://pump-app.s3.eu-west-2.amazonaws.com/exercise-assets/11971201-Squat-m_Thighs.mp4,video
Squat (Dumbbell),Dumbbell,Quadriceps,"Hamstrings, Glutes",https://pump-app.s3.eu-west-2.amazonaws.com/exercise-assets/15551101-Dumbbell-Squat_Thighs_small.jpg,image
Squat (Machine),Machine,Quadriceps,"Hamstrings, Glutes",https://pump-app.s3.eu-west-2.amazonaws.com/exercise-assets/10391101-Lever-Full-Squat_Thighs_small.jpg,image
Squat (Smith Machine),Machine,Quadriceps,"Hamstrings, Glutes",https://pump-app.s3.eu-west-2.amazonaws.com/exercise-assets/07501201-Smith-Chair-Squat_Thighs.mp4,video
Squat (Suspension),Suspension,Quadriceps,None,https://pump-app.s3.eu-west-2.amazonaws.com/exercise-assets/11431101-Suspender-Squat_Thighs_small.jpg,image
Squat Row,Machine,Full Body,None,https://pump-app.s3.eu-west-2.amazonaws.com/exercise-assets/25501101-Cable-Squat-Row-(with-rope-attachment)-(female)_Back_Thighs_small.jpg,image
Stair Machine,Machine,Cardio,None,https://pump-app.s3.eu-west-2.amazonaws.com/exercise-assets/23111201-Walking-on-Stepmill_Cardio.mp4,video
Standing Cable Glute Kickbacks,Machine,Glutes,None,None,None
Standing Calf Raise,None,Calves,None,https://pump-app.s3.eu-west-2.amazonaws.com/exercise-assets/13731101-Bodyweight-Standing-Calf-Raise_Calves_small.jpg,image
Standing Calf Raise (Barbell),Barbell,Calves,None,https://pump-app.s3.eu-west-2.amazonaws.com/exercise-assets/01081101-Barbell-Standing-Leg-Calf-Raise_Calf_small.jpg,image
Standing Calf Raise (Dumbbell),Dumbbell,Calves,None,https://pump-app.s3.eu-west-2.amazonaws.com/exercise-assets/04171201-Dumbbell-Standing-Calf-Raise_Calves.mp4,video
Standing Calf Raise (Machine),Machine,Calves,None,https://pump-app.s3.eu-west-2.amazonaws.com/exercise-assets/06051201-Lever-Standing-Calf-Raise_Calves.mp4,video
Standing Calf Raise (Smith),Machine,Calves,None,https://pump-app.s3.eu-west-2.amazonaws.com/exercise-assets/11641201-Smith-Calf-Raise-(version-2)_Calves.mp4,video
Standing Leg Curls,Machine,Hamstrings,None,None,None
Standing Military Press (Barbell),Barbell,Shoulders,None,https://pump-app.s3.eu-west-2.amazonaws.com/exercise-assets/11651201-Barbell-Standing-Military-Press-(without-rack)_Shoulders.mp4,video
Step Up,Other,Quadriceps,None,https://pump-app.s3.eu-west-2.amazonaws.com/exercise-assets/08011101-Step-up_Hips_small.jpg,image
Sternum Pull up (Gironda),Machine,Lats,None,https://pump-app.s3.eu-west-2.amazonaws.com/exercise-assets/04661101-Gironda-Sternum-Chin_Back_small.jpg,image
Straight Arm Lat Pulldown (Cable),Machine,Lats,None,https://pump-app.s3.eu-west-2.amazonaws.com/exercise-assets/02381201-Cable-Straight-Arm-Pulldown_Back.mp4,video
Straight Leg Deadlift,Barbell,Hamstrings,Glutes,https://pump-app.s3.eu-west-2.amazonaws.com/exercise-assets/01161201-Barbell-Straight-Leg-Deadlift_Thighs.mp4,video
Stretching,None,Other,None,None,None
Sumo Deadlift,Barbell,Hamstrings,"Quadriceps, Lower Back, Glutes",https://pump-app.s3.eu-west-2.amazonaws.com/exercise-assets/01171201-Barbell-Sumo-Deadlift_Hips.mp4,video
Sumo Squat,None,Quadriceps,None,https://pump-app.s3.eu-west-2.amazonaws.com/exercise-assets/10641201-Sumo-Squat-(male)_Thighs-FIX_.mp4,video
Sumo Squat (Barbell),Barbell,Quadriceps,"Hamstrings, Glutes",https://pump-app.s3.eu-west-2.amazonaws.com/exercise-assets/10631201-Barbell-sumo-squat_Thighs.mp4,video
Sumo Squat (Dumbbell),Dumbbell,Quadriceps,None,https://pump-app.s3.eu-west-2.amazonaws.com/exercise-assets/23221201-Dumbbell-Sumo-Squat-(female)_Thighs_.mp4,video
Sumo Squat (Kettlebell),Kettlebell,Quadriceps,None,https://pump-app.s3.eu-west-2.amazonaws.com/exercise-assets/40891201-Kettlebell-Sumo-Squat-(male)_Hips_.mp4,video
Superman,None,Lower Back,None,https://pump-app.s3.eu-west-2.amazonaws.com/exercise-assets/08041101-Superman_Waist_small.jpg,image
Swimming,None,Cardio,None,None,None
T Bar Row,Barbell,Upper Back,None,https://pump-app.s3.eu-west-2.amazonaws.com/exercise-assets/06061201-Lever-T-bar-Row-(plate-loaded)_Back.mp4,video
Thruster (Barbell),Barbell,Full Body,None,None,None
Thruster (Kettlebell),Kettlebell,Full Body,None,https://pump-app.s3.eu-west-2.amazonaws.com/exercise-assets/05501101-Kettlebell-Thruster_Shoulders_small.jpg,image
Toe Touch,None,Abdominals,None,None,None
Toes to Bar,None,Abdominals,None,https://pump-app.s3.eu-west-2.amazonaws.com/exercise-assets/04741201-Hanging-Straight-Leg-Hip-Raise_Waist.mp4,video
Torso Rotation,Machine,Abdominals,None,None,None
Treadmill,Machine,Cardio,None,https://pump-app.s3.eu-west-2.amazonaws.com/exercise-assets/21971201-Run-on-Treadmill-(female)_Cardio.mp4,video
Triceps Dip,Machine,Triceps,None,https://pump-app.s3.eu-west-2.amazonaws.com/exercise-assets/08141201-Triceps-Dip_Upper-Arms.mp4,video
Triceps Dip (Assisted),Machine,Triceps,None,https://pump-app.s3.eu-west-2.amazonaws.com/exercise-assets/00191201-Assisted-Triceps-Dip-(kneeling)_Upper-Arms.mp4,video
Triceps Dip (Weighted),Machine,Triceps,None,https://pump-app.s3.eu-west-2.amazonaws.com/exercise-assets/17551101-Weighted-Tricep-Dips_Upper-Arms_small.jpg,image
Triceps Extension (Barbell),Barbell,Triceps,None,https://pump-app.s3.eu-west-2.amazonaws.com/exercise-assets/00921201-Barbell-Seated-Overhead-Triceps-Extension_Upper-Arms.mp4,video
Triceps Extension (Cable),Machine,Triceps,None,https://pump-app.s3.eu-west-2.amazonaws.com/exercise-assets/01491101-Cable-Alternate-Triceps-Extension_Upper-Arms_small.jpg,image
Triceps Extension (Dumbbell),Dumbbell,Triceps,None,https://pump-app.s3.eu-west-2.amazonaws.com/exercise-assets/04301201-Dumbbell-Standing-Triceps-Extension_Upper-Arms.mp4,video
Triceps Extension (Machine),Machine,Triceps,None,https://pump-app.s3.eu-west-2.amazonaws.com/exercise-assets/10331201-Lever-Triceps-Extension_Upper-Arms.mp4,video
Triceps Extension (Suspension),Suspension,Triceps,None,https://pump-app.s3.eu-west-2.amazonaws.com/exercise-assets/11041101-Suspender-Triceps-Extension_Upper-Arms_small.jpg,image
Triceps Kickback (Cable),Machine,Triceps,None,https://pump-app.s3.eu-west-2.amazonaws.com/exercise-assets/45661101-Cable-Neutral-Grip-Kickback_Upper-arms_small.jpg,image
Triceps Kickback (Dumbbell),Dumbbell,Triceps,None,https://pump-app.s3.eu-west-2.amazonaws.com/exercise-assets/03331201-Dumbbell-Kickback_Upper-Arms.mp4,video
Triceps Pressdown,Machine,Triceps,None,None,None
Triceps Pushdown,Machine,Triceps,None,https://pump-app.s3.eu-west-2.amazonaws.com/exercise-assets/02011201-Cable-Pushdown_Upper-Arms.mp4,video
Triceps Rope Pushdown,Machine,Triceps,None,https://pump-app.s3.eu-west-2.amazonaws.com/exercise-assets/02001101-Cable-Pushdown-(with-rope-attachment)_Upper-Arms_small.jpg,image
Upright Row (Barbell),Barbell,Traps,"Upper Back, Shoulders",https://pump-app.s3.eu-west-2.amazonaws.com/exercise-assets/01211201-Barbell-Upright-Row_Shoulders.mp4,video
Upright Row (Cable),Machine,Shoulders,None,https://pump-app.s3.eu-west-2.amazonaws.com/exercise-assets/02461201-Cable-Upright-Row_shoulder.mp4,video
Upright Row (Dumbbell),Dumbbell,Shoulders,None,https://pump-app.s3.eu-west-2.amazonaws.com/exercise-assets/04371201-Dumbbell-Upright-Row_shoulder.mp4,video
V Up,None,Abdominals,None,https://pump-app.s3.eu-west-2.amazonaws.com/exercise-assets/08251201-V-up_Waist.mp4,video
Walking,None,Cardio,None,None,None
Walking Lunge,None,Quadriceps,"Glutes, Hamstrings",https://pump-app.s3.eu-west-2.amazonaws.com/exercise-assets/14601201-Walking-Lunge-Male_Hips.mp4,video
Walking Lunge (Dumbbell),Dumbbell,Quadriceps,"Glutes, Hamstrings",https://pump-app.s3.eu-west-2.amazonaws.com/exercise-assets/15571201-Dumbbell-Walking-Lunges_Thighs_.mp4,video
Wall Ball,Other,Full Body,None,https://pump-app.s3.eu-west-2.amazonaws.com/exercise-assets/24581101-Wall-Ball_Thighs_small.jpg,image
Wall Sit,Other,Quadriceps,None,https://pump-app.s3.eu-west-2.amazonaws.com/exercise-assets/07341101-Sit-(wall)_Thighs_small.jpg,image
Warm Up,None,Full Body,None,None,None
Wide Pull Up,Machine,Lats,None,https://pump-app.s3.eu-west-2.amazonaws.com/exercise-assets/14291201-Wide-Grip-Pull-Up_Back.mp4,video
Wrist Roller,Machine,Forearms,None,https://pump-app.s3.eu-west-2.amazonaws.com/exercise-assets/08591101-Wrist-Roller_Forearms_small.jpg,image
Yoga,None,Full Body,None,None,None
Zercher Squat,Barbell,Quadriceps,"Hamstrings, Glutes",https://pump-app.s3.eu-west-2.amazonaws.com/exercise-assets/15451101-Barbell-full-Zercher-Squat_Thighs_small.jpg,image
Zottman Curl (Dumbbell),Dumbbell,Biceps,None,https://pump-app.s3.eu-west-2.amazonaws.com/exercise-assets/04391201-Dumbbell-Zottman-Curl_Upper-Arms-FIX.mp4,video
